sphere,var_id,label,description,source
atmo,ssr,SSR,Surface net short-wave (solar) radiation,ERA5
atmo,vpd,VPD,Vapour-pressure deficit,ERA5
atmo,tp,TP,Total precipitation,ERA5
atmo,sp,SP,pressure of the atmosphere at surface,ERA5
atmo,v10,v10,northward component of the wind at 10m above surface ,ERA5
atmo,u10,u10,eastward component of the wind at 10m above surface,ERA5
atmo,t2m,t2m,air temperature at 2m above surface,ERA5
bio,Day_AQUA_Mxx21x1_061_gapfilled_QCflags_dyn,LST day,  Land surface temperature at day,MODIS
bio,Night_AQUA_Mxx21x1_061_gapfilled_QCflags_dyn,LST night, Land surface temperature at night,MODIS
bio,NDWI_band7gapfilled_061_QCdyn,NDWI,Normalized Difference Water Index,MODIS
bio,NDVIgapfilled_061_QCdyn,NDVI, Normalized Difference Vegetation Index,MODIS
bio,NIRvgapfilled_061_QCdyn,NIR,Near Infrared band,MODIS
bio,NEE,NEE,Net Ecosystem Exchange,FLUXCOM-XBASE
bio,ET,ET,Evapotranspiration,FLUXCOM-XBASE
bio,ET_T,ET_T, ET_T,FLUXCOM-XBASE
bio,GPP,GPP,Gross Primary Productivity,FLUXCOM-XBASE
bio,skt,ST,Surface temperature,ERA5
bio, EVIgapfilled_061_QCdyn,EVI,Enhanced Vegetation Index,MODIS
bio, q,Q,Sensible heat flux,ERA5
socio,nama_10r_3gva_PC1,GVA,Gross value added, Eurostat
socio,nama_10_nfa_bs_PC1,CapStocks, Capital Stocks, Eurostat
socio, nama_10r_2gfcf_PC1,GFCF, Gross fixed capital formation, Eurostat
socio,demo_r_d3dens_PC1,PopD,Population density, Eurostat
socio,nama_10r_3gdp_PC1,GDP,Gross Domestic Product, Eurostat
socio,edat_lfse_04_PC1,PopPH,Population in private households, Eurostat
socio,lfst_r_lfu3pers_PC1,UnempP,Unemployed persons, Eurostat
socio,nama_10r_2emhrw_PC1,Empl,Employment, Eurostat
